"id","ms"
"sparse-decoration (S)","343"
"sprintf-without-formatters (S)","81"
"unit-test-is-not-verb (S)","48"
"not-empty-atom (S)","99"
"cyclomatic-complexity (S)","96"
"incorrect-spdx (S)","54"
"broken-alias-first (S)","58"
"meta-line-out-of-listing (S)","52"
"bad-test-name (S)","68"
"error-line-out-of-listing (S)","57"
"identity-object (S)","79"
"incorrect-home (S)","52"
"comment-without-dot (S)","46"
"schema-is-absent (S)","57"
"phi-is-not-first (S)","55"
"void-attributes-not-higher-than-other (S)","49"
"missed-obfuscation (S)","65"
"atom-with-data (S)","69"
"reserved-name (S)","25"
"incorrect-node-rt-location (S)","46"
"direct-phi (S)","69"
"object-has-data (S)","180"
"unknown-rt (S)","48"
"wrong-sprintf-arguments (S)","59"
"object-line-out-of-listing (S)","44"
"name-outside-of-abstract-object (S)","52"
"no-attribute-formation (S)","64"
"duplicate-as-attribute (S)","55"
"sprintf-constant-args (S)","51"
"named-object-abstract-nested (S)","62"
"test-with-comment (S)","51"
"package-contains-multiple-parts (S)","42"
"empty-object (S)","101"
"pos-without-line (S)","45"
"mandatory-architect (S)","45"
"mandatory-version (S)","38"
"misplaced-dataization (S)","59"
"excessive-visibility (S)","57"
"line-is-absent (S)","74"
"anonymous-objects-inside-formation (S)","61"
"mandatory-spdx (S)","38"
"unsorted-metas (S)","41"
"redundant-attachment (S)","52"
"unknown-metas (S)","45"
"atom-in-atom (S)","61"
"incorrect-rt-parts (S)","53"
"decorated-formation (S)","57"
"comment-too-short (S)","46"
"long-live-object (S)","69"
"unoptimizable-recursion (S)","65"
"unsorted-named-attributes (S)","63"
"incorrect-jvm-rt-location (S)","58"
"lambda-with-inners (S)","70"
"unit-test-missing (S)","71"
"application-without-as-attributes (S)","175"
"prohibited-package (S)","59"
"wrong-test-order (S)","62"
"anonymous-formation (S)","75"
"mandatory-home (S)","55"
"self-referencing (S)","51"
"ascii-only (S)","16"
"empty-alias (S)","54"
"duplicate-metas (S)","46"
"sparse-seq (S)","53"
"mandatory-package (S)","56"
"test-word (S)","78"
"incorrect-test-object-name (S)","54"
"anemic-getter (S)","60"
"same-if-branches (S)","50"
"broken-alias-second (S)","51"
"rt-without-atoms (S)","50"
"too-deep-object (S)","74"
"comment-not-capitalized (S)","46"
"unique-metas (S)","57"
"broad-scope (S)","60"
"atom-without-rt (S)","50"
"same-package-alias (S)","45"
"syntax-version (S)","14"
"unit-test-without-phi (S)","49"
"incorrect-version (S)","45"
"non-kebab-name (S)","49"
"incorrect-bytes-format (S)","56"
"bytes-without-data (S)","45"
"formation-with-as-attributes (S)","39"
"unused-alias (S)","38"
"incorrect-package (S)","39"
"comment-starts-with-article (S)","46"
"atom-and-base (S)","45"
"redundant-object (S)","52"
"compound-name (S)","63"
"incorrect-architect (S)","40"
"many-void-attributes (S)","40"
"comment-is-too-wide (S)","52"
"empty-spdx-tail (S)","40"
"invalid-name-notation (S)","50"
"alias-too-long (S)","37"
"incorrect-unlint (S)","16"
"unlint-non-existing-defect (S)","13"
"bytes-without-data (M)","62"
"mandatory-package (M)","25"
"atom-with-data (M)","38"
"application-without-as-attributes (M)","281"
"same-if-branches (M)","32"
"mandatory-spdx (M)","24"
"pos-without-line (M)","27"
"duplicate-metas (M)","24"
"unique-metas (M)","23"
"missed-obfuscation (M)","35"
"atom-and-base (M)","41"
"atom-without-rt (M)","44"
"unit-test-is-not-verb (M)","116"
"too-deep-object (M)","118"
"no-attribute-formation (M)","30"
"named-object-abstract-nested (M)","35"
"incorrect-rt-parts (M)","28"
"meta-line-out-of-listing (M)","29"
"non-kebab-name (M)","27"
"unknown-rt (M)","23"
"incorrect-bytes-format (M)","85"
"sparse-seq (M)","49"
"sprintf-without-formatters (M)","34"
"ascii-only (M)","22"
"incorrect-package (M)","23"
"excessive-visibility (M)","28"
"same-package-alias (M)","29"
"package-contains-multiple-parts (M)","24"
"atom-in-atom (M)","32"
"incorrect-architect (M)","23"
"redundant-object (M)","51"
"empty-object (M)","82"
"unit-test-missing (M)","36"
"not-empty-atom (M)","39"
"name-outside-of-abstract-object (M)","28"
"error-line-out-of-listing (M)","26"
"incorrect-spdx (M)","23"
"direct-phi (M)","33"
"prohibited-package (M)","23"
"identity-object (M)","30"
"compound-name (M)","53"
"decorated-formation (M)","28"
"object-line-out-of-listing (M)","33"
"syntax-version (M)","24"
"many-void-attributes (M)","28"
"broad-scope (M)","29"
"unsorted-named-attributes (M)","33"
"anemic-getter (M)","27"
"unknown-metas (M)","22"
"anonymous-formation (M)","35"
"phi-is-not-first (M)","32"
"wrong-test-order (M)","36"
"comment-is-too-wide (M)","23"
"incorrect-home (M)","24"
"long-live-object (M)","38"
"bad-test-name (M)","44"
"test-with-comment (M)","23"
"unsorted-metas (M)","23"
"test-word (M)","27"
"formation-with-as-attributes (M)","28"
"mandatory-version (M)","33"
"comment-without-dot (M)","22"
"misplaced-dataization (M)","28"
"mandatory-home (M)","24"
"alias-too-long (M)","23"
"cyclomatic-complexity (M)","29"
"incorrect-test-object-name (M)","41"
"lambda-with-inners (M)","31"
"broken-alias-second (M)","22"
"line-is-absent (M)","107"
"object-has-data (M)","167"
"anonymous-objects-inside-formation (M)","48"
"invalid-name-notation (M)","59"
"empty-alias (M)","23"
"comment-not-capitalized (M)","23"
"schema-is-absent (M)","22"
"unused-alias (M)","22"
"mandatory-architect (M)","23"
"broken-alias-first (M)","23"
"rt-without-atoms (M)","33"
"sparse-decoration (M)","40"
"incorrect-node-rt-location (M)","37"
"comment-too-short (M)","36"
"void-attributes-not-higher-than-other (M)","29"
"unit-test-without-phi (M)","38"
"unoptimizable-recursion (M)","28"
"reserved-name (M)","47"
"comment-starts-with-article (M)","23"
"incorrect-version (M)","23"
"incorrect-jvm-rt-location (M)","27"
"self-referencing (M)","27"
"empty-spdx-tail (M)","29"
"wrong-sprintf-arguments (M)","32"
"duplicate-as-attribute (M)","59"
"redundant-attachment (M)","28"
"sprintf-constant-args (M)","41"
"incorrect-unlint (M)","25"
"unlint-non-existing-defect (M)","22"
"too-deep-object (L)","265"
"mandatory-version (L)","47"
"duplicate-as-attribute (L)","67"
"syntax-version (L)","44"
"not-empty-atom (L)","75"
"incorrect-jvm-rt-location (L)","42"
"package-contains-multiple-parts (L)","43"
"redundant-object (L)","112"
"unsorted-named-attributes (L)","66"
"incorrect-node-rt-location (L)","43"
"incorrect-version (L)","42"
"unsorted-metas (L)","49"
"atom-without-rt (L)","65"
"wrong-test-order (L)","70"
"mandatory-spdx (L)","42"
"comment-not-capitalized (L)","43"
"incorrect-spdx (L)","42"
"application-without-as-attributes (L)","488"
"self-referencing (L)","70"
"schema-is-absent (L)","45"
"phi-is-not-first (L)","63"
"incorrect-home (L)","42"
"alias-too-long (L)","44"
"atom-with-data (L)","64"
"lambda-with-inners (L)","64"
"test-with-comment (L)","54"
"incorrect-rt-parts (L)","47"
"name-outside-of-abstract-object (L)","52"
"redundant-attachment (L)","53"
"broad-scope (L)","54"
"long-live-object (L)","58"
"ascii-only (L)","42"
"rt-without-atoms (L)","70"
"sprintf-constant-args (L)","62"
"unit-test-missing (L)","71"
"non-kebab-name (L)","53"
"pos-without-line (L)","52"
"empty-object (L)","123"
"mandatory-home (L)","42"
"missed-obfuscation (L)","56"
"cyclomatic-complexity (L)","61"
"duplicate-metas (L)","43"
"no-attribute-formation (L)","56"
"atom-in-atom (L)","73"
"invalid-name-notation (L)","104"
"bad-test-name (L)","74"
"comment-starts-with-article (L)","43"
"compound-name (L)","100"
"misplaced-dataization (L)","60"
"broken-alias-first (L)","42"
"sprintf-without-formatters (L)","57"
"unit-test-is-not-verb (L)","104"
"identity-object (L)","55"
"comment-without-dot (L)","42"
"named-object-abstract-nested (L)","59"
"broken-alias-second (L)","42"
"reserved-name (L)","95"
"error-line-out-of-listing (L)","40"
"unknown-rt (L)","41"
"wrong-sprintf-arguments (L)","56"
"bytes-without-data (L)","66"
"comment-too-short (L)","46"
"line-is-absent (L)","129"
"incorrect-bytes-format (L)","106"
"unoptimizable-recursion (L)","56"
"unique-metas (L)","42"
"test-word (L)","53"
"sparse-seq (L)","65"
"same-if-branches (L)","61"
"direct-phi (L)","69"
"formation-with-as-attributes (L)","82"
"mandatory-package (L)","42"
"incorrect-package (L)","54"
"many-void-attributes (L)","55"
"decorated-formation (L)","55"
"unknown-metas (L)","52"
"object-has-data (L)","188"
"unused-alias (L)","64"
"empty-alias (L)","47"
"object-line-out-of-listing (L)","58"
"sparse-decoration (L)","68"
"meta-line-out-of-listing (L)","45"
"excessive-visibility (L)","60"
"incorrect-architect (L)","42"
"same-package-alias (L)","42"
"prohibited-package (L)","50"
"unit-test-without-phi (L)","76"
"atom-and-base (L)","65"
"comment-is-too-wide (L)","42"
"empty-spdx-tail (L)","42"
"incorrect-test-object-name (L)","79"
"anonymous-formation (L)","70"
"void-attributes-not-higher-than-other (L)","58"
"mandatory-architect (L)","43"
"anemic-getter (L)","55"
"anonymous-objects-inside-formation (L)","57"
"incorrect-unlint (L)","43"
"unlint-non-existing-defect (L)","42"
"comment-not-capitalized (XL)","74"
"direct-phi (XL)","116"
"no-attribute-formation (XL)","90"
"package-contains-multiple-parts (XL)","66"
"syntax-version (XL)","68"
"test-with-comment (XL)","66"
"anonymous-formation (XL)","128"
"many-void-attributes (XL)","91"
"too-deep-object (XL)","338"
"sparse-decoration (XL)","104"
"duplicate-metas (XL)","66"
"compound-name (XL)","175"
"atom-without-rt (XL)","120"
"incorrect-architect (XL)","68"
"invalid-name-notation (XL)","179"
"incorrect-version (XL)","71"
"incorrect-home (XL)","70"
"sparse-seq (XL)","95"
"application-without-as-attributes (XL)","555"
"wrong-test-order (XL)","117"
"comment-is-too-wide (XL)","66"
"rt-without-atoms (XL)","106"
"unsorted-metas (XL)","66"
"same-package-alias (XL)","66"
"lambda-with-inners (XL)","105"
"excessive-visibility (XL)","90"
"empty-spdx-tail (XL)","65"
"error-line-out-of-listing (XL)","81"
"broken-alias-second (XL)","68"
"meta-line-out-of-listing (XL)","65"
"object-has-data (XL)","265"
"bytes-without-data (XL)","103"
"schema-is-absent (XL)","66"
"prohibited-package (XL)","66"
"mandatory-version (XL)","66"
"sprintf-without-formatters (XL)","108"
"alias-too-long (XL)","66"
"comment-starts-with-article (XL)","66"
"unit-test-without-phi (XL)","117"
"incorrect-node-rt-location (XL)","66"
"unknown-rt (XL)","66"
"formation-with-as-attributes (XL)","85"
"mandatory-architect (XL)","66"
"mandatory-home (XL)","67"
"empty-alias (XL)","66"
"long-live-object (XL)","102"
"atom-with-data (XL)","106"
"comment-too-short (XL)","66"
"incorrect-rt-parts (XL)","66"
"unit-test-is-not-verb (XL)","180"
"mandatory-package (XL)","64"
"redundant-object (XL)","153"
"mandatory-spdx (XL)","67"
"atom-and-base (XL)","106"
"incorrect-package (XL)","66"
"anonymous-objects-inside-formation (XL)","91"
"self-referencing (XL)","86"
"atom-in-atom (XL)","106"
"redundant-attachment (XL)","86"
"line-is-absent (XL)","206"
"cyclomatic-complexity (XL)","91"
"name-outside-of-abstract-object (XL)","86"
"incorrect-test-object-name (XL)","124"
"anemic-getter (XL)","86"
"duplicate-as-attribute (XL)","486"
"incorrect-spdx (XL)","69"
"unoptimizable-recursion (XL)","91"
"misplaced-dataization (XL)","93"
"identity-object (XL)","93"
"unsorted-named-attributes (XL)","99"
"unused-alias (XL)","66"
"bad-test-name (XL)","119"
"unknown-metas (XL)","92"
"sprintf-constant-args (XL)","104"
"named-object-abstract-nested (XL)","86"
"object-line-out-of-listing (XL)","87"
"reserved-name (XL)","157"
"wrong-sprintf-arguments (XL)","90"
"pos-without-line (XL)","85"
"unit-test-missing (XL)","118"
"decorated-formation (XL)","123"
"broad-scope (XL)","89"
"not-empty-atom (XL)","107"
"same-if-branches (XL)","99"
"test-word (XL)","109"
"phi-is-not-first (XL)","108"
"comment-without-dot (XL)","67"
"incorrect-jvm-rt-location (XL)","91"
"ascii-only (XL)","69"
"unique-metas (XL)","89"
"broken-alias-first (XL)","68"
"void-attributes-not-higher-than-other (XL)","117"
"missed-obfuscation (XL)","116"
"empty-object (XL)","242"
"incorrect-bytes-format (XL)","154"
"non-kebab-name (XL)","86"
"incorrect-unlint (XL)","65"
"unlint-non-existing-defect (XL)","66"
"bytes-without-data (XXL)","578"
"incorrect-jvm-rt-location (XXL)","294"
"name-outside-of-abstract-object (XXL)","389"
"empty-spdx-tail (XXL)","367"
"lambda-with-inners (XXL)","523"
"object-line-out-of-listing (XXL)","425"
"line-is-absent (XXL)","892"
"incorrect-version (XXL)","305"
"pos-without-line (XXL)","397"
"formation-with-as-attributes (XXL)","437"
"non-kebab-name (XXL)","400"
"incorrect-package (XXL)","304"
"not-empty-atom (XXL)","535"
"error-line-out-of-listing (XXL)","302"
"mandatory-package (XXL)","327"
"many-void-attributes (XXL)","399"
"duplicate-metas (XXL)","330"
"comment-not-capitalized (XXL)","334"
"broad-scope (XXL)","429"
"empty-alias (XXL)","331"
"missed-obfuscation (XXL)","475"
"incorrect-home (XXL)","373"
"unoptimizable-recursion (XXL)","433"
"comment-without-dot (XXL)","332"
"self-referencing (XXL)","429"
"unique-metas (XXL)","358"
"unsorted-metas (XXL)","331"
"test-word (XXL)","402"
"misplaced-dataization (XXL)","431"
"sprintf-constant-args (XXL)","490"
"phi-is-not-first (XXL)","501"
"unknown-rt (XXL)","300"
"long-live-object (XXL)","435"
"comment-too-short (XXL)","304"
"anonymous-formation (XXL)","576"
"incorrect-bytes-format (XXL)","795"
"incorrect-rt-parts (XXL)","310"
"rt-without-atoms (XXL)","502"
"decorated-formation (XXL)","419"
"prohibited-package (XXL)","299"
"invalid-name-notation (XXL)","800"
"syntax-version (XXL)","299"
"identity-object (XXL)","429"
"excessive-visibility (XXL)","429"
"atom-and-base (XXL)","507"
"too-deep-object (XXL)","1683"
"ascii-only (XXL)","313"
"sprintf-without-formatters (XXL)","431"
"unknown-metas (XXL)","300"
"package-contains-multiple-parts (XXL)","300"
"wrong-sprintf-arguments (XXL)","438"
"alias-too-long (XXL)","301"
"object-has-data (XXL)","1381"
"incorrect-test-object-name (XXL)","585"
"direct-phi (XXL)","463"
"unsorted-named-attributes (XXL)","483"
"empty-object (XXL)","1027"
"duplicate-as-attribute (XXL)","1597"
"compound-name (XXL)","800"
"mandatory-home (XXL)","346"
"broken-alias-second (XXL)","301"
"mandatory-version (XXL)","299"
"cyclomatic-complexity (XXL)","419"
"named-object-abstract-nested (XXL)","398"
"atom-in-atom (XXL)","530"
"incorrect-architect (XXL)","297"
"atom-with-data (XXL)","500"
"void-attributes-not-higher-than-other (XXL)","434"
"anemic-getter (XXL)","468"
"atom-without-rt (XXL)","521"
"redundant-object (XXL)","1316"
"unit-test-missing (XXL)","586"
"sparse-decoration (XXL)","476"
"incorrect-spdx (XXL)","300"
"broken-alias-first (XXL)","299"
"schema-is-absent (XXL)","297"
"redundant-attachment (XXL)","398"
"comment-is-too-wide (XXL)","378"
"wrong-test-order (XXL)","559"
"no-attribute-formation (XXL)","421"
"same-package-alias (XXL)","304"
"mandatory-architect (XXL)","302"
"meta-line-out-of-listing (XXL)","328"
"comment-starts-with-article (XXL)","301"
"bad-test-name (XXL)","560"
"same-if-branches (XXL)","466"
"incorrect-node-rt-location (XXL)","347"
"anonymous-objects-inside-formation (XXL)","457"
"unused-alias (XXL)","298"
"unit-test-is-not-verb (XXL)","921"
"test-with-comment (XXL)","296"
"unit-test-without-phi (XXL)","578"
"sparse-seq (XXL)","429"
"reserved-name (XXL)","1010"
"mandatory-spdx (XXL)","297"
"application-without-as-attributes (XXL)","2882"
"incorrect-unlint (XXL)","353"
"unlint-non-existing-defect (XXL)","300"
